-- Adminer 4.2.4 MySQL dump

SET NAMES utf8;
SET time_zone = '+00:00';
SET foreign_key_checks = 0;
SET sql_mode = 'NO_AUTO_VALUE_ON_ZERO';

DROP TABLE IF EXISTS `product`;
CREATE TABLE `product` (
  `id` int(10) unsigned NOT NULL AUTO_INCREMENT,
  `sku_code` varchar(8) NOT NULL,
  `name` varchar(50) NOT NULL,
  `price` float NOT NULL,
  PRIMARY KEY (`id`),
  UNIQUE KEY `sku_code` (`sku_code`)
) ENGINE=InnoDB DEFAULT CHARSET=latin1;

INSERT INTO `product` (`id`, `sku_code`, `name`, `price`) VALUES
(1,	'PRODSC01',	'Product - 1',	321),
(2,	'PRODSC02',	'Product - 2',	207),
(3,	'PRODSC03',	'Product - 3',	49),
(4,	'PRODSC04',	'Product - 4',	333),
(5,	'PRODSC05',	'Product - 5',	120),
(6,	'PRODSC06',	'Product - 6',	379),
(7,	'PRODSC07',	'Product - 7',	302),
(8,	'PRODSC08',	'Product - 8',	483),
(9,	'PRODSC09',	'Product - 9',	312),
(10,	'PRODSC10',	'Product - 10',	32),
(11,	'PRODSC11',	'Product - 11',	125),
(12,	'PRODSC12',	'Product - 12',	387),
(13,	'PRODSC13',	'Product - 13',	234),
(14,	'PRODSC14',	'Product - 14',	103),
(15,	'PRODSC15',	'Product - 15',	437),
(16,	'PRODSC16',	'Product - 16',	299),
(17,	'PRODSC17',	'Product - 17',	54),
(18,	'PRODSC18',	'Product - 18',	419),
(19,	'PRODSC19',	'Product - 19',	242),
(20,	'PRODSC20',	'Product - 20',	387),
(21,	'PRODSC21',	'Product - 21',	126),
(22,	'PRODSC22',	'Product - 22',	10),
(23,	'PRODSC23',	'Product - 23',	131),
(24,	'PRODSC24',	'Product - 24',	381),
(25,	'PRODSC25',	'Product - 25',	227),
(26,	'PRODSC26',	'Product - 26',	116),
(27,	'PRODSC27',	'Product - 27',	461),
(28,	'PRODSC28',	'Product - 28',	115),
(29,	'PRODSC29',	'Product - 29',	126),
(30,	'PRODSC30',	'Product - 30',	412),
(31,	'PRODSC31',	'Product - 31',	443),
(32,	'PRODSC32',	'Product - 32',	447),
(33,	'PRODSC33',	'Product - 33',	210),
(34,	'PRODSC34',	'Product - 34',	344),
(35,	'PRODSC35',	'Product - 35',	326),
(36,	'PRODSC36',	'Product - 36',	175),
(37,	'PRODSC37',	'Product - 37',	222),
(38,	'PRODSC38',	'Product - 38',	197),
(39,	'PRODSC39',	'Product - 39',	364),
(40,	'PRODSC40',	'Product - 40',	330),
(41,	'PRODSC41',	'Product - 41',	401),
(42,	'PRODSC42',	'Product - 42',	406),
(43,	'PRODSC43',	'Product - 43',	324),
(44,	'PRODSC44',	'Product - 44',	73),
(45,	'PRODSC45',	'Product - 45',	295),
(46,	'PRODSC46',	'Product - 46',	263),
(47,	'PRODSC47',	'Product - 47',	143),
(48,	'PRODSC48',	'Product - 48',	427),
(49,	'PRODSC49',	'Product - 49',	389),
(50,	'PRODSC50',	'Product - 50',	102),
(51,	'PRODSC51',	'Product - 51',	55),
(52,	'PRODSC52',	'Product - 52',	281),
(53,	'PRODSC53',	'Product - 53',	127),
(54,	'PRODSC54',	'Product - 54',	250),
(55,	'PRODSC55',	'Product - 55',	170),
(56,	'PRODSC56',	'Product - 56',	426),
(57,	'PRODSC57',	'Product - 57',	276),
(58,	'PRODSC58',	'Product - 58',	176),
(59,	'PRODSC59',	'Product - 59',	121),
(60,	'PRODSC60',	'Product - 60',	292);

DROP TABLE IF EXISTS `product_wh_count`;
CREATE TABLE `product_wh_count` (
  `id` int(10) unsigned NOT NULL AUTO_INCREMENT,
  `wh_id` int(10) unsigned NOT NULL,
  `product_id` int(10) unsigned NOT NULL,
  `count` int(10) NOT NULL,
  `min_threshold` int(10) NOT NULL,
  PRIMARY KEY (`id`),
  KEY `wh_id` (`wh_id`),
  KEY `product_id` (`product_id`),
  CONSTRAINT `product_wh_count_ibfk_1` FOREIGN KEY (`wh_id`) REFERENCES `ware_house` (`id`) ON DELETE NO ACTION,
  CONSTRAINT `product_wh_count_ibfk_2` FOREIGN KEY (`product_id`) REFERENCES `product` (`id`) ON DELETE NO ACTION
) ENGINE=InnoDB DEFAULT CHARSET=latin1;

INSERT INTO `product_wh_count` (`id`, `wh_id`, `product_id`, `count`, `min_threshold`) VALUES
(1,	1,	1,	17,	10),
(2,	1,	2,	1,	3),
(3,	1,	3,	9,	16),
(4,	1,	4,	12,	3),
(5,	1,	5,	9,	8),
(6,	1,	6,	17,	9),
(7,	1,	7,	17,	10),
(8,	1,	8,	14,	10),
(9,	1,	9,	19,	3),
(10,	1,	10,	14,	12),
(11,	1,	11,	18,	8),
(12,	1,	12,	3,	1),
(13,	1,	13,	15,	3),
(14,	1,	14,	15,	7),
(15,	1,	15,	18,	14),
(16,	1,	16,	17,	8),
(17,	1,	17,	16,	3),
(18,	1,	18,	8,	5),
(19,	1,	19,	17,	8),
(20,	1,	20,	17,	5),
(21,	1,	21,	16,	1),
(22,	1,	22,	15,	12),
(23,	1,	23,	20,	17),
(24,	1,	24,	14,	9),
(25,	1,	25,	17,	17),
(26,	1,	26,	15,	12),
(27,	1,	27,	18,	2),
(28,	1,	28,	19,	17),
(29,	1,	29,	19,	13),
(30,	1,	30,	12,	2),
(31,	1,	31,	19,	18),
(32,	1,	32,	17,	7),
(33,	1,	33,	13,	2),
(34,	1,	34,	17,	8),
(35,	1,	35,	11,	1),
(36,	1,	36,	19,	18),
(37,	1,	37,	10,	10),
(38,	1,	38,	20,	16),
(39,	1,	39,	20,	19),
(40,	1,	40,	11,	9),
(41,	1,	41,	18,	16),
(42,	1,	42,	6,	2),
(43,	1,	43,	10,	5),
(44,	1,	44,	17,	12),
(45,	1,	45,	19,	15),
(46,	1,	46,	20,	18),
(47,	1,	47,	19,	19),
(48,	1,	48,	18,	7),
(49,	1,	49,	18,	17),
(50,	1,	50,	11,	5),
(51,	1,	51,	16,	6),
(52,	1,	52,	14,	5),
(53,	1,	53,	4,	4),
(54,	1,	54,	19,	15),
(55,	1,	55,	14,	11),
(56,	1,	56,	20,	16),
(57,	1,	57,	19,	13),
(58,	1,	58,	19,	13),
(59,	1,	59,	19,	19),
(60,	1,	60,	6,	4),
(61,	3,	1,	9,	16),
(62,	3,	2,	4,	5),
(63,	3,	3,	2,	15),
(64,	3,	4,	3,	8),
(65,	3,	5,	3,	19),
(66,	3,	6,	18,	20),
(67,	3,	7,	5,	6),
(68,	3,	8,	11,	13),
(69,	3,	9,	14,	17),
(70,	3,	10,	1,	1),
(71,	3,	11,	2,	2),
(72,	3,	12,	1,	2),
(73,	3,	13,	9,	10),
(74,	3,	14,	10,	17),
(75,	3,	15,	1,	16),
(76,	3,	16,	3,	5),
(77,	3,	17,	6,	16),
(78,	3,	18,	15,	15),
(79,	3,	19,	13,	18),
(80,	3,	20,	1,	19),
(81,	3,	21,	17,	5),
(82,	3,	22,	11,	5),
(83,	3,	23,	17,	10),
(84,	3,	24,	19,	4),
(85,	3,	25,	14,	12),
(86,	3,	26,	11,	6),
(87,	3,	27,	16,	2),
(88,	3,	28,	7,	4),
(89,	3,	29,	13,	12),
(90,	3,	30,	17,	6),
(91,	3,	31,	11,	8),
(92,	3,	32,	19,	8),
(93,	3,	33,	9,	5),
(94,	3,	34,	9,	6),
(95,	3,	35,	17,	4),
(96,	3,	36,	17,	12),
(97,	3,	37,	15,	13),
(98,	3,	38,	20,	8),
(99,	3,	39,	15,	13),
(100,	3,	40,	20,	14),
(101,	3,	41,	16,	7),
(102,	3,	42,	3,	2),
(103,	3,	43,	17,	9),
(104,	3,	44,	17,	11),
(105,	3,	45,	18,	15),
(106,	3,	46,	17,	6),
(107,	3,	47,	13,	12),
(108,	3,	48,	18,	7),
(109,	3,	49,	17,	12),
(110,	3,	50,	17,	8),
(111,	3,	51,	16,	1),
(112,	3,	52,	14,	9),
(113,	3,	53,	20,	12),
(114,	3,	54,	15,	8),
(115,	3,	55,	12,	8),
(116,	3,	56,	18,	13),
(117,	3,	57,	14,	4),
(118,	3,	58,	15,	11),
(119,	3,	59,	20,	12),
(120,	3,	60,	17,	13),
(121,	2,	1,	1,	3),
(122,	2,	2,	7,	8),
(123,	2,	3,	14,	15),
(124,	2,	4,	2,	2),
(125,	2,	5,	3,	7),
(126,	2,	6,	2,	2),
(127,	2,	7,	11,	11),
(128,	2,	8,	4,	9),
(129,	2,	9,	4,	8),
(130,	2,	10,	15,	15),
(131,	2,	11,	3,	3),
(132,	2,	12,	10,	12),
(133,	2,	13,	8,	15),
(134,	2,	14,	4,	12),
(135,	2,	15,	14,	15),
(136,	2,	16,	2,	6),
(137,	2,	17,	6,	11),
(138,	2,	18,	1,	6),
(139,	2,	19,	5,	10),
(140,	2,	20,	10,	12),
(141,	2,	21,	5,	8),
(142,	2,	22,	1,	6),
(143,	2,	23,	3,	6),
(144,	2,	24,	14,	15),
(145,	2,	25,	4,	9),
(146,	2,	26,	7,	14),
(147,	2,	27,	6,	9),
(148,	2,	28,	2,	2),
(149,	2,	29,	3,	4),
(150,	2,	30,	7,	14),
(151,	2,	31,	18,	18),
(152,	2,	32,	11,	10),
(153,	2,	33,	11,	7),
(154,	2,	34,	20,	18),
(155,	2,	35,	17,	15),
(156,	2,	36,	8,	4),
(157,	2,	37,	20,	14),
(158,	2,	38,	12,	4),
(159,	2,	39,	15,	8),
(160,	2,	40,	18,	18),
(161,	2,	41,	20,	10),
(162,	2,	42,	19,	6),
(163,	2,	43,	11,	9),
(164,	2,	44,	18,	10),
(165,	2,	45,	15,	1),
(166,	2,	46,	8,	5),
(167,	2,	47,	13,	12),
(168,	2,	48,	18,	2),
(169,	2,	49,	13,	6),
(170,	2,	50,	18,	16),
(171,	2,	51,	18,	17),
(172,	2,	52,	15,	13),
(173,	2,	53,	18,	15),
(174,	2,	54,	15,	14),
(175,	2,	55,	13,	8),
(176,	2,	56,	19,	19),
(177,	2,	57,	18,	17),
(178,	2,	58,	19,	18),
(179,	2,	59,	18,	7),
(180,	2,	60,	14,	13);

DROP TABLE IF EXISTS `ware_house`;
CREATE TABLE `ware_house` (
  `id` int(10) unsigned NOT NULL AUTO_INCREMENT,
  `wh_code` varchar(16) NOT NULL,
  `name` varchar(50) NOT NULL,
  `pincode` varchar(6) NOT NULL,
  PRIMARY KEY (`id`),
  UNIQUE KEY `wh_code` (`wh_code`)
) ENGINE=InnoDB DEFAULT CHARSET=latin1;

INSERT INTO `ware_house` (`id`, `wh_code`, `name`, `pincode`) VALUES
(1,	'WHMUM',	'Mumbai',	'400001'),
(2,	'WHNDL',	'New Delhi',	'110001'),
(3,	'WHBGLR',	'Bangalore',	'530068');

-- 2020-02-11 05:06:11
